{"DocumentTypeId":"Forms.Applications.MaternityCompensationCH","FormId":"af367876","FormName":"MSE_application","OriginalFileExtension":"pdf","Pages":[{"Page":0,"Size":[0.0,0.0,595.0,841.0],"SkewAngle":0.0,"Evidence":[{"Text":"Anmeldung","Box":[48.95,36.0,72.19,15.62]},{"Text":"Mutterschaftsentschädigung","Box":[48.95,162.89,179.39,15.62]},{"Text":"Anspruchsberechtigte","Box":[105.96,91.66,100.29,11.25]},{"Text":"Vornamen","Box":[216.11,71.84,43.64,10.62]},{"Text":"Geburtsdatum","Box":[267.98,52.99,60.99,10.62]},{"Text":"AHV-Nummer","Box":[267.98,314.51,58.01,10.62]},{"Text":"Zivilstand","Box":[351.86,52.99,41.66,10.62]}],"Fields":[],"Tables":[]},{"Page":1,"Size":[0.0,0.0,595.0,841.0],"SkewAngle":0.0,"Evidence":[],"Fields":[],"Tables":[]},{"Page":2,"Size":[0.0,0.0,595.0,841.0],"SkewAngle":0.0,"Evidence":[],"Fields":[],"Tables":[]},{"Page":3,"Size":[0.0,0.0,595.0,841.0],"SkewAngle":0.0,"Evidence":[],"Fields":[],"Tables":[]},{"Page":4,"Size":[0.0,0.0,595.0,841.0],"SkewAngle":0.0,"Evidence":[],"Fields":[],"Tables":[]},{"Page":5,"Size":[0.0,0.0,595.0,841.0],"SkewAngle":0.0,"Evidence":[],"Fields":[],"Tables":[]}],"AnchorBasedConfiguration":{"AnchorBasedFieldConfiguration":[{"FieldId":"Forms.Applications.MaternityCompensationCH.FirstName","FieldDescriptors":[{"PageIndexAtDesignTime":0,"Offset":[4.3997,-29.607,528.8746,23.1737],"Target":{"Text":"Name","Area":[169.5,52.99,24.3,10.62]},"Anchors":[{"Text":"ledige","Area":[202.48,89.98,19.61,8.5]},{"Text":"Person","Area":[202.48,111.63,23.28,8.5]}]}]},{"FieldId":"Forms.Applications.MaternityCompensationCH.LastName","FieldDescriptors":[{"PageIndexAtDesignTime":0,"Offset":[4.137,-23.5822,519.6051,20.5988],"Target":{"Text":"Alle","Area":[216.11,52.99,16.37,10.62]},"Anchors":[{"Text":"Vornamen","Area":[216.11,71.84,43.64,10.62]},{"Text":"Grossbuchstaben","Area":[249.09,77.72,57.6,8.5]},{"Text":"Rufname","Area":[249.09,38.1,29.82,8.5]}]}]},{"FieldId":"Forms.Applications.MaternityCompensationCH.BirthDate","FieldDescriptors":[{"PageIndexAtDesignTime":0,"Offset":[6.3389,-46.4071,256.4553,18.024],"Target":{"Text":"Geburtsdatum","Area":[267.98,52.99,60.99,10.62]},"Anchors":[{"Text":"TT,","Area":[300.96,38.1,11.03,8.5]},{"Text":"MM,","Area":[300.96,51.17,14.29,8.5]},{"Text":"JJJJ","Area":[300.96,67.5,14.7,8.5]}]}]},{"FieldId":"Forms.Applications.MaternityCompensationCH.AhvNr","FieldDescriptors":[{"PageIndexAtDesignTime":0,"Offset":[7.3689,-43.2873,259.0301,18.5389],"Target":{"Text":"AHV-Nummer","Area":[267.98,314.51,58.01,10.62]},"Anchors":[{"Text":"13-stellig,","Area":[300.96,299.63,31.45,8.5]},{"Text":"Leerzeichen.","Area":[300.96,415.66,42.08,8.5]}]}]}]}}