{"DataContractVersion":"1.1","DocumentTypes":[{"DocumentTypeId":"Forms.Applications.MaternityCompensationCH","Group":"Forms","Category":"Applications","Name":"MaternityCompensationCH","OptionalUniqueIdentifier":"","TypeField":{"FieldId":"Forms.Applications.MaternityCompensationCH.DocumentType","FieldName":"Document Type"},"Fields":[{"FieldId":"Forms.Applications.MaternityCompensationCH.FirstName","FieldName":"FirstName","IsMultiValue":false,"Type":"Text","DeriveFieldsFormat":"","Components":[],"SetValues":[],"Metadata":[{"Key":"Color","Value":"#038a18"},{"Key":"Hotkey","Value":"r"}],"RuleSet":null,"DefaultValue":""},{"FieldId":"Forms.Applications.MaternityCompensationCH.LastName","FieldName":"LastName","IsMultiValue":false,"Type":"Text","DeriveFieldsFormat":"","Components":[],"SetValues":[],"Metadata":[{"Key":"Color","Value":"#fa6616"},{"Key":"Hotkey","Value":"l"}],"RuleSet":null,"DefaultValue":""},{"FieldId":"Forms.Applications.MaternityCompensationCH.BirthDate","FieldName":"BirthDate","IsMultiValue":false,"Type":"Date","DeriveFieldsFormat":"","Components":[],"SetValues":[],"Metadata":[{"Key":"Color","Value":"#8a97a0"},{"Key":"Hotkey","Value":"h"}],"RuleSet":null,"DefaultValue":""},{"FieldId":"Forms.Applications.MaternityCompensationCH.AhvNr","FieldName":"AhvNr","IsMultiValue":false,"Type":"Text","DeriveFieldsFormat":"","Components":[],"SetValues":[],"Metadata":[{"Key":"Color","Value":"#6eb84a"},{"Key":"Hotkey","Value":"a"}],"RuleSet":null,"DefaultValue":""}]}],"Groups":[{"Name":"Forms","Categories":["Applications"]}],"SupportedLanguages":[{"Name":"Undetermined Language","Code":"und"},{"Name":"Bulgarian","Code":"bul"},{"Name":"Cantonese","Code":"yue"},{"Name":"Danish","Code":"dan"},{"Name":"Dutch","Code":"nld"},{"Name":"English","Code":"eng"},{"Name":"French","Code":"fra"},{"Name":"Georgian","Code":"kat"},{"Name":"German","Code":"deu"},{"Name":"Greek","Code":"ell"},{"Name":"Hebrew","Code":"heb"},{"Name":"Hindi","Code":"hin"},{"Name":"Italian","Code":"ita"},{"Name":"Japanese","Code":"jpn"},{"Name":"Korean","Code":"kor"},{"Name":"Macedonian","Code":"mkd"},{"Name":"Mandarin","Code":"zho"},{"Name":"Marathi","Code":"mar"},{"Name":"Norwegian","Code":"nor"},{"Name":"Polish","Code":"pol"},{"Name":"Portuguese","Code":"por"},{"Name":"Romanian","Code":"ron"},{"Name":"Russian","Code":"rus"},{"Name":"Serbian","Code":"srp"},{"Name":"Spanish","Code":"spa"},{"Name":"Swedish","Code":"swe"},{"Name":"Telugu","Code":"tel"},{"Name":"Turkish","Code":"tur"}]}